,230,235,240,245,250,255,260,265,270,275,280,285,290,295,300,305,310,315,320,325,330,335,340,345,350,355,360,365,370,375,380,385,390,395,400,405,410,415,420,425,430,435,440,445,450,455
290,102227.09,54826.976,22455.805,12701.144,8099.207,8011.9726,52927.742,141901.54,47722.215,13181.805,13654.109,0,0,0,0,0,0,0,0,0,0,0,0,0,0,0,0,0,0,0,0,0,0,0,0,0,0,0,0,0,0,0,0,0,0,0
294,95372.82,66821.293,29526.379,14523.594,11057.734,9674.1758,19377.441,127179.84,157130,32307.541,18507.978,15593.863,0,0,0,0,0,0,0,0,0,0,0,0,0,0,0,0,0,0,0,0,0,0,0,0,0,0,0,0,0,0,0,0,0,0
298,90069.495,68948.398,28893.105,17609.004,12116.621,13048.215,15393.939,53930.391,224083.98,129557.59,27741.721,20003.275,16866.229,0,0,0,0,0,0,0,0,0,0,0,0,0,0,0,0,0,0,0,0,0,0,0,0,0,0,0,0,0,0,0,0,0
302,112713.33,72283.838,34583.855,21498.965,17247.363,17963.859,20285.205,29420.055,137540.25,278876.51,86265.521,27592.906,19816.945,0,0,0,0,0,0,0,0,0,0,0,0,0,0,0,0,0,0,0,0,0,0,0,0,0,0,0,0,0,0,0,0,0
306,112395.48,72329.734,42048.426,23188.68,22468.316,22469.734,25112.537,31280.812,59201.787,260385.72,263827.24,63894.547,24134.893,19878.136,0,0,0,0,0,0,0,0,0,0,0,0,0,0,0,0,0,0,0,0,0,0,0,0,0,0,0,0,0,0,0,0
310,127356.55,94370.859,49992.82,32941.301,26930.707,27762.605,32448.898,39379.834,48864.695,119406.95,367538.13,208579.07,41069.516,22116.202,22867.519,0,0,0,0,0,0,0,0,0,0,0,0,0,0,0,0,0,0,0,0,0,0,0,0,0,0,0,0,0,0,0
314,148456.06,90881.467,56205.976,36611.933,31575.109,34919.961,40764.443,48137.269,56601.551,68521.539,232240.54,382102.34,132902.54,30077.158,21158.73,26837.79,0,0,0,0,0,0,0,0,0,0,0,0,0,0,0,0,0,0,0,0,0,0,0,0,0,0,0,0,0,0
318,138806.45,109136,56520.801,42820.637,39906.172,42108.226,49527.705,55830.766,66789.838,73652.031,102403.61,341450.73,330364.37,75972.824,27092.321,24390.114,0,0,0,0,0,0,0,0,0,0,0,0,0,0,0,0,0,0,0,0,0,0,0,0,0,0,0,0,0,0
322,159766.28,111694.77,64725.305,50600.613,52815.617,53128.082,60455.695,69906.058,78854.525,88472.957,90723.935,183958.67,430104.64,238721.41,40926.572,28628.79,25984.754,0,0,0,0,0,0,0,0,0,0,0,0,0,0,0,0,0,0,0,0,0,0,0,0,0,0,0,0,0
326,162802.39,128937.85,84046.672,66263.168,57829.566,64100.754,72087.65,82703.74,94811.275,102703.15,106071.82,115355.68,300151.25,450700.81,135064.32,39022.898,30029.736,28382.609,0,0,0,0,0,0,0,0,0,0,0,0,0,0,0,0,0,0,0,0,0,0,0,0,0,0,0,0
330,184923.06,155370.35,100585.55,78467.043,72741.43,78226.558,87831.943,100849.21,111337.38,121903.05,122619.72,118205.4,155132.12,431059.46,399850.99,92794.483,39171.829,32331.76,30384.291,0,0,0,0,0,0,0,0,0,0,0,0,0,0,0,0,0,0,0,0,0,0,0,0,0,0,0
334,189378.34,159304.25,114931.54,92049.808,89860.305,92702.062,100937.72,114369.32,128355.87,141446.42,143570.19,137539.17,126166.24,232591.81,546940.92,294032.27,66590.998,41778.764,33246.582,32814.923,0,0,0,0,0,0,0,0,0,0,0,0,0,0,0,0,0,0,0,0,0,0,0,0,0,0
338,196338.07,177877.06,131619.95,113187.85,110058.88,109520.45,120983.94,135933.48,151563.31,162580.06,167097,160732.97,144390.29,141084.99,357267.75,524049.56,183487.08,57564.633,44517.813,37036.112,35090.415,0,0,0,0,0,0,0,0,0,0,0,0,0,0,0,0,0,0,0,0,0,0,0,0,0
342,202616.17,199072.28,163997.26,136571.53,129770.22,132350.61,141723.12,156815.44,172927.84,185052.36,190294.53,186033.42,169690.75,149365.86,179392.69,498435.42,421386.44,113443.23,58086.995,47409.378,41119.833,0,0,0,0,0,0,0,0,0,0,0,0,0,0,0,0,0,0,0,0,0,0,0,0,0
346,238823.69,209718.81,195309.69,166296.94,155730.64,159326.81,165639.52,178545.9,196542.28,208987.16,219075.4,213491.82,196876.63,174564.22,158627.3,304869.41,573743.97,290763.28,82861.911,63546.485,51972.196,45480.027,0,0,0,0,0,0,0,0,0,0,0,0,0,0,0,0,0,0,0,0,0,0,0,0
350,231250.86,240720.78,237120.07,208390.94,188909.03,185661.44,193444.24,207304.55,227492.3,238875.29,246195.58,243307.09,227917.51,205789.14,184650.21,203046.68,468052.74,553927.3,176490.24,87106.316,70526.477,55178.745,48713.727,0,0,0,0,0,0,0,0,0,0,0,0,0,0,0,0,0,0,0,0,0,0,0
354,279959.81,271336,257064.78,246529.6,229320.73,229438.91,232470.32,241788.76,258955.04,273959.67,280112.7,276847.18,263575.9,242497.14,219253.97,206924.16,292775.86,617615.67,439435,138923.53,94469.853,75174.283,57132.999,52552.368,0,0,0,0,0,0,0,0,0,0,0,0,0,0,0,0,0,0,0,0,0,0
358,255801.2,300938.71,315598.66,299062.33,277247.08,270225.94,273394.59,284986.87,298824.95,308897.04,316146.28,314003.42,300877.27,279056.38,258663.37,242659.77,238691.99,433693.21,691593.69,309013.27,130952.58,100201.78,78176.01,60875.004,0,0,0,0,0,0,0,0,0,0,0,0,0,0,0,0,0,0,0,0,0,0
362,259354.13,315542.68,350767.98,346704.76,323759.08,318076.91,319050.81,329618.04,335646.33,349420.4,353388.21,352215.39,340353.88,320711.65,300684.92,284215.69,265981.92,292632.93,596711.98,587922.15,232264.24,131828.52,103720.68,79728.704,64101.813,0,0,0,0,0,0,0,0,0,0,0,0,0,0,0,0,0,0,0,0,0
366,294104.21,342991.17,390077.73,395591.52,380669.76,376633.22,366909.38,371915.13,381404.92,392998.1,393785.53,390225.14,381766.17,361958.83,343496.41,328773.33,308929.74,292907.42,377463.44,687224.35,457570.21,187372.21,133472.79,104985.12,78436.704,64729.119,0,0,0,0,0,0,0,0,0,0,0,0,0,0,0,0,0,0,0,0
370,308480.94,391907.93,442162.21,450631.91,434468.93,433653.88,420884.91,425735.8,430860.86,433673.68,438165.16,429398.19,421236.85,401276.6,384576.81,372654.56,355081.1,334739.61,323455.1,531868.82,675877.02,330707.69,170903.99,134812.27,102182.22,75454.778,64173.193,0,0,0,0,0,0,0,0,0,0,0,0,0,0,0,0,0,0,0
374,293271.21,430083.81,482621.31,507513.09,491511.45,485151.83,481739.28,473468.23,480258.51,480015.95,476290.43,471748.71,460617.62,441553.59,428048.68,418080.79,401250.05,380448.63,357091.06,393835.06,659263.17,582950.82,245915.05,169185.98,131801.76,98755.873,71238.165,63307.979,0,0,0,0,0,0,0,0,0,0,0,0,0,0,0,0,0,0
378,332204.63,443020.49,544176.13,562818.66,550863.52,548665.55,534025.13,526739.12,523323.69,528917.69,521648.01,513296.07,500018.61,480458.65,471070.21,461572.76,446364.01,425278.57,401630.68,379193.06,492664.14,721221.4,459770.88,221267.1,165770.08,127654.96,92703.586,70387.379,60361.389,0,0,0,0,0,0,0,0,0,0,0,0,0,0,0,0,0
382,335450.85,460635.13,578140.74,613715.91,600690.54,601509.32,596525.09,580863.56,575927.53,574296.93,561099.33,551866.36,540429.59,517525.67,510003.62,504570.39,490510.15,469559.17,446051.68,415162,410376.07,604090.07,712104.24,351121.15,206964.41,159598,121181.88,87991.166,68931.887,0,0,0,0,0,0,0,0,0,0,0,0,0,0,0,0,0
386,397550.72,514138.82,615375.38,657582.24,669588.12,661890.16,648229.14,640778.75,629440.17,619560.95,606312.25,593369.6,580331.49,557447.71,548829.93,545819.15,533435.71,514356.51,491342.05,458278.83,427185.03,459326.06,705937.12,583583.76,284820.4,195720.89,153769.71,114741.5,83348.734,65737.745,0,0,0,0,0,0,0,0,0,0,0,0,0,0,0,0
390,385090.33,535561.62,667633.55,700778.52,723016.43,720396.76,707386.72,694166.79,682730.92,664343.73,651444.41,635382.2,614824.04,596415.22,583649.92,584493.46,572682.75,552474.13,530797.01,500402.43,466232.39,436841.52,530964.52,716028.47,449798.57,246197.09,187697.45,144771.84,106767.49,77027.684,59331.682,0,0,0,0,0,0,0,0,0,0,0,0,0,0,0
394,382665.87,574839.71,709523.18,755815.81,765139.32,761316.36,754413.05,738730.94,726228.22,697237.17,679743.76,663195.68,643604.78,620801.38,611031.68,608947.05,600012.62,581778.79,560876.9,531070.78,499796.51,463980.48,447869.76,628925.29,640262.13,340110.93,224452.41,175133.46,133411.93,96218.798,67861.962,54811.996,0,0,0,0,0,0,0,0,0,0,0,0,0,0
398,412413.6,596808.92,731759.96,784690.26,798589.47,799527.76,784444.47,768382.54,747619.13,725429.89,703317.85,683599.86,662170.47,637023.67,627062.49,625025.29,617746.54,602898.68,580579.36,553527.01,524238.44,489409.49,455750.79,496838.46,684371.61,510192.15,270118.55,206109.31,159601.21,119249.62,82245.436,60791.788,0,0,0,0,0,0,0,0,0,0,0,0,0,0
402,396365.13,591662.06,735082.16,809481.17,813122.62,828604.16,814386.32,800700.95,773047.26,750456.95,723436.52,701067.44,675025.13,651218.94,638907.36,637011.25,630690.79,616481.61,596306.78,571708.85,543997.78,511694.18,476979.28,452000.62,572609.21,660088.07,380207.58,240323.65,186704.67,141914.55,101667.06,71084.016,54149.455,0,0,0,0,0,0,0,0,0,0,0,0,0
406,439017.7,581687.61,771833.82,824800.39,842610.57,850034.32,853755.44,833995.15,805568.88,775368.35,745451.54,714977.84,688026.09,662822.42,648436.91,648335.16,641280.22,630060.77,610742.66,587252.16,561697.09,533540.81,499517.21,462198.57,471158.78,643247.91,566318.68,303869.92,216353.98,165962.52,121987.91,87049.967,62200.634,48687.73,0,0,0,0,0,0,0,0,0,0,0,0
410,390785.68,594097.67,778904.42,847077.02,870320.28,895168.11,883949.8,867229.28,838509.89,797338.8,760268.01,730307.12,699995.57,671977.69,658816.34,656621.25,650702.44,641881.57,621766.1,601115.78,576489.58,551438.59,522812.11,484080.61,451097.65,519467.37,667331.04,436170.94,254804.26,191688.54,143802.98,105858.72,74739.064,53993.519,43792.94,0,0,0,0,0,0,0,0,0,0,0
414,415848.81,646408.84,785852.26,871151.78,892829.55,909537.65,908340.3,891746.98,862772.32,827621.42,782154.84,745151.05,710997.39,682152.97,662048.92,664096.85,658284.2,648614.99,630525.37,612722.76,589992.35,568793.84,539931.55,504214.48,466861.76,450940.36,585022.9,583410.14,333004.72,219950.57,166144.5,125570.36,90896.992,65233.976,46896.953,39257.763,0,0,0,0,0,0,0,0,0,0
418,423744.29,626413.01,824179.12,874642.25,913594.73,936848.22,944748.94,922858.61,889808.67,851820.8,801966.51,761130.26,720868.98,689199.88,671080.39,670431.8,663189.38,654038.63,638768.07,623550.95,601872.82,583025.14,557223.92,523523.97,487690.7,452199.24,469437.09,610645.29,465320.36,265475.38,190447.26,146218.78,108926.97,79585.136,55988.11,42658.235,36707.661,0,0,0,0,0,0,0,0,0
422,446391.89,629797.34,839495.8,897900.46,931474.63,958378.87,968409.06,954270.93,920032.63,875567.94,822014.86,771896.89,730767.17,696264.52,676089.32,672745.61,666072.16,655974.25,641599.42,628579.59,611119.81,593835.73,570236.37,540582.45,507754.21,472471.21,444961.61,524344.1,569920.21,356923.61,218673.13,167633.67,127173.05,95337.601,68176.819,49416.953,38986.824,0,0,0,0,0,0,0,0,0
426,416019.02,639159.91,813986.95,896055.25,941029.67,986281.13,994657.54,981072.43,947496.78,902170.57,841106.97,787097.37,738753.17,701275.83,675645.71,674254.53,667507.36,658998.63,648317.91,633267.23,617011.64,604033.23,582103.85,555325.15,525183.69,491430.21,459308.25,454392.59,554788.25,477973.41,269349.52,190197.97,146274.37,111056.15,82916.104,59670.467,44139.538,36317.226,0,0,0,0,0,0,0,0
430,433511.49,643318.43,835786.46,921200.74,964856.62,1009252.9,1015526.7,1014109.4,977853.45,924697.97,862500.42,803025.09,746675.4,708017.53,679785.88,674742.15,667828.65,660951.88,649436.55,635984.58,622213.25,611855.35,591686.79,567973.34,540853.79,511051.11,479105.64,445725.61,472999.17,539273.36,373137.16,221683.15,166455.68,128902.82,97937.883,72596.328,53123.413,40033.616,33695.597,0,0,0,0,0,0,0
434,470179.29,640293.52,841071.04,926332.93,977091.03,1018884.8,1043967.4,1041620.6,1008811.4,947708.94,884611.22,815587.04,754234.8,712872.7,685922.52,674974.13,668069.15,660256.54,649931.54,636887.13,625005.15,616958.1,601256.79,578291.3,554281.75,527459.21,498477.75,462222.5,430529.15,488488.56,485690.25,287908,190449.62,147550.1,114276.07,87142.68,64639.794,48035.277,37191.575,31492.983,0,0,0,0,0,0
438,459050.84,636666.94,842895.76,929410.63,989711.27,1042971.3,1069029.5,1058933.1,1033418.2,971715.74,899490.98,827342.2,761763.74,713157.87,685492.38,674857.94,666532.34,659425.2,648520.68,638289.48,626831.3,621262.65,606242.46,585886.21,565402.99,542474.97,516618.26,480540.91,435878.28,418997.23,492020.29,388410.02,230445.67,166695.41,131176.54,101360.4,78060.338,58436.611,44222.201,34917.441,0,0,0,0,0,0
442,454400,679823.35,837434.28,935107.09,993987.58,1054310.1,1075303.2,1087243.2,1055629.4,999188.89,915931.85,837899.02,772058.41,716093.02,683882.09,673663.85,664769.79,657073.85,645457.15,637437.6,628467.66,623587,610841.31,591569.43,574004.97,554363.26,531102.43,497001.14,453221.19,403369.44,418227.2,449232.84,302194.46,191776.94,147530.08,116590.39,91551.571,70650.859,53138.309,40603.389,32691.116,0,0,0,0,0
446,419068.53,691830.83,852235.24,952733.66,1007392.1,1061961.7,1096312.2,1106596.2,1074492.2,1017073.6,930530.2,851949.39,780381.33,721115.27,685245.53,674254.09,662114.76,654684.21,644761.89,636039.99,626349.15,621744.79,610330.53,595813.54,580045.74,562483.12,543710.33,513983.46,470058.98,416226.11,374771.84,424243.91,383750.39,236313.5,165687.84,131971.78,104654.68,83287.937,63921.17,48679.501,37220.594,30345.74,0,0,0,0
450,461257.14,680249.57,847547.14,944719.87,1027518,1071496.5,1109952.1,1121556.3,1106511.4,1035885.7,945194.73,861615.66,785589.51,724432.88,684728.59,670873.67,658306.64,650886.93,638941.79,632971.58,623738.85,620647.83,611721.34,599188.95,585798.52,570490.42,552409.11,526112.69,485268.04,431513.42,377268.12,370534.31,413534.77,307456.75,189363.81,146508.21,118096.83,95255.215,74818.99,57966.868,44084.603,34365.978,28380.714,0,0,0
454,580134.51,673076.92,869747.64,957034.89,1003121.7,1071719.3,1119302,1135445.3,1115053.3,1054250.8,957913.84,871918.43,791431.18,728197.66,686717.58,668673.61,655200.58,645504.2,636295.1,627849.16,621440.35,617478.24,608966.7,600089.63,587199.48,574493.45,561192.09,537297.67,497867.61,446502.97,389645.38,348668.38,378159.04,372155.05,238862.12,164027.12,131634,107259.57,86030.956,68249.564,51966.804,39859.98,31292.909,27184.407,0,0
458,890016.46,702833.96,828911.67,941866.28,1023555.5,1073865.1,1120012.6,1140147,1121714.9,1059323.2,965141.46,873660.22,790823.81,725062.41,679965.44,660912.6,646236.8,635984.15,627168.65,618665.54,612531.94,608368.97,604802.24,592571.37,583024.8,575145.73,563437.82,541463.73,504513.75,455303.36,401348.08,349379.45,332373.11,378319.08,310979.92,190761.67,144564.29,118502.38,96852.228,77932.56,60645.843,46400.366,36490.922,29217.37,25033.576,0
462,1259042.2,900289.61,825334.74,907287.33,990389.21,1045095,1098072.2,1121192.9,1110912,1043694.4,951534.6,862092.58,777263.15,708757.24,661161.98,643703.22,628019.78,619777.14,607894.07,601002.99,593810.64,592046.48,587409.99,577873.92,572036,565164.57,554576.82,534886.87,501806.83,454924.65,402828.95,351861.38,312039.69,328107.75,352697.84,236617.76,158724.84,127583.08,105176.41,85823.166,69013.926,53844.861,41567.049,32890.21,27216.979,0
466,1268216.9,1651917.4,819540.1,882150.64,953145.3,1021163.6,1074227.1,1101239.1,1088766.2,1028981.3,936021.08,845014,762327.75,691428.81,646515.04,624384.94,608108.12,596398.67,584666.92,579622,574102.77,571621.02,565810.95,560799.98,555656,550303.78,542325.74,525896.1,495950.68,452518.79,401891.92,353495.54,309962.36,284764.29,327772.38,290863.69,184588.28,136966.85,113428,93893.819,76225.085,60913.946,47258.315,37525.769,29973.661,26060.628
470,798755.66,2899166.6,1010522.8,870722.08,930178.93,1006339.9,1051448.3,1084896.2,1068890.7,1018336.8,924862.43,832902.63,751839.7,677987.04,633513.65,609365.79,591689.28,579617.58,568256.51,561519.21,557687.08,554546.45,551528.98,544941.51,540676.79,537634.61,533207.62,519017.26,491731.64,449908.87,403807.21,355593.45,312427.6,274456.59,275007.81,311606.4,229621.16,151823.74,121409.37,101620.71,83573.924,68221.402,54760.031,43044.214,34147.019,28218.848
474,474165.52,3491980.4,1888067.4,846545.33,926944.91,989732.48,1037275.6,1073272.3,1065204.4,1010399.8,921567.29,824014.76,739970.78,668112.41,619131.64,595322.24,577158.28,566259.82,555025.05,546988.8,542717.75,541346.57,536010.7,531373.62,528137.67,525820.2,522276.52,512444.74,487012.86,448506.42,402340.28,358064.3,315462.6,277163.83,249970.05,281806.98,273061.17,181817.45,132097.74,109620.82,91284.486,75393.44,61661.431,49812.395,39299.15,31891.58
478,419979.89,2480605.2,3726783.3,941264.14,904025.79,968618.95,1017909.1,1058169.8,1053158.3,999748.04,911875.04,821233.19,731434.95,660795.4,612193.56,585784.81,564595.69,553345.88,540346.55,533261.6,528107.63,525634.17,524495.52,519454.93,516581.79,515927.98,514718.51,505823.03,482138.96,445761.38,403447.09,360038.92,318523.97,281402.25,248655.73,243626.4,279630.62,226543.67,147638.1,117880.6,98611.766,82716.874,68288.698,56689.766,45364.1,36372.106
482,462903.67,990732.57,5129997.8,1636227.1,888676.01,953236.96,1009113.2,1046631.7,1042013.1,993436.59,907210.17,816650.3,726570.47,652169.1,602077.93,575056.12,553506.71,539834.34,529046.8,520263.63,513461.69,511337.74,510005.9,506474.74,504666.95,505796.25,504455.5,496727.74,475924.38,442088.43,402312.71,359846.75,320450.86,283550.31,252111.9,227735.62,249017.65,258704.67,181428.81,128199.79,105718,89795.229,75133.659,63005.768,51698.846,41702.101
486,438660.69,589648.7,4324795.4,3354900.9,892459.56,944092.04,991454.61,1022155.4,1020957.4,976827.59,890820.44,804144.45,716349.98,640238.82,590947.15,563569.11,541369.92,526710.77,513253.44,505785.25,499241.98,496223.03,494548.79,493762.64,491861.13,493986.56,492027.11,487400.63,468636.79,436065.87,397394.87,358086.69,321002.03,285264.31,253603.91,226266.51,217316.97,251459.37,223534.95,148346.4,113334.26,96171.682,81448.823,68597.999,57393.848,47408.006
490,437568.66,617508.47,2016681.7,5198625.1,1318669.3,914034.31,965825.79,1003656.3,1003667,961539.53,875631.99,787666.21,700236.11,627696.21,577662.83,549622.22,526976.75,510968.15,498671.98,489988.13,484088.17,481563.65,476945.41,476878.61,476051.39,478831.36,477903.57,475194.48,457900.33,427747.83,391080.47,353780.81,318897.46,284218.86,254104.1,226661.62,204794.08,216265.4,244186.77,181440.79,123824.73,101383.22,87039.603,74161.979,62459.337,52818.855
494,459717.59,587992.06,792226.84,4892473.7,2685917,890214,937565.56,976683.36,979018.92,937335,858692.38,771060.5,683501.58,612789.82,563532.41,535279.13,510467.33,495194.32,482008.5,472496.69,467090.59,462620.34,460472.57,459219.25,458088.51,461081.05,462617.16,461221.48,444379.44,415937.83,382698.06,347269.17,314425.98,282164.05,253937.5,226463.6,202950.54,190510.51,219166.96,211448.67,144269.8,107584.04,90909.645,78708.871,66985.18,57134.909
498,479919.4,562541.36,700825.77,2834917.6,4492468.9,1037502.6,906430.83,946389.29,956435.11,911697.9,832791.31,749410.32,667222.42,596020.19,546859.15,518166.98,493196.08,476994.13,464790.25,453904.24,449250.09,444672.16,443321.22,441410.03,440706.88,444006.1,447016.68,444177.67,430336.78,403642.02,373002.58,339008.13,307795.26,278097.17,250604.52,225165.88,202195.62,183248.88,184298.09,212710.64,173434.84,119104.76,94558.529,82311.243,70888.88,60666.974
502,520590.52,573483.62,660724.15,1080835,4899561.5,1914881.6,876225.49,909841.18,917696.54,876316.51,804885.67,728531.33,647170.27,575423.39,527675.62,499437.35,474806.97,459905.8,446068.21,434703.34,430183.96,425696.24,422405.7,422427.07,421973.89,425446.32,427350.24,427122.07,414463.44,390757.45,359482.37,328940.09,299532.25,272560.49,245463.99,221561.25,200263.86,181635.68,166657.9,186675.86,192802.51,138263.93,99231.579,84918.929,73697.698,63652.343
506,472703.98,652767.43,617329.91,718194.73,3359305.1,3395243.2,877098.43,876861.36,881996.09,851190.43,782423.99,703092.86,624291,556060.81,508633.92,481589.44,455510.75,439548,426650.56,415384.29,408911.09,406484.1,403241.3,402044.72,402267.48,405415.02,408805.15,408437.24,397292.67,374105.67,346319.52,317469.4,290517.57,263806.46,239908.16,217210.57,196357.94,178938.29,161652.33,159408.92,185861.01,161993.52,110046.02,87505.283,75553.513,65922.686
510,418210.93,731646.89,624310.19,669166.93,1553983.5,4384170.5,1261928.8,834747.94,840775.78,814571.67,749030.53,676071.92,600447.88,534589.26,487435.21,461154.78,435697.81,419917.39,406473.6,397252.86,389338.8,385427.53,382103.36,381340.1,382253.55,384731.06,387886.88,388906.64,378704.85,356735.15,331290.45,305123.29,279733.5,254765.12,233330.24,211701.58,191804.16,174909.17,159051.73,145761.02,159966.82,173095.07,129577.81,92003.876,77098.025,67659.33
514,380099.59,743860.81,649492.58,627409.83,743564.31,3673735.2,2338516,797330.17,807160.77,771790.97,714239.4,645682.08,572645.15,511561.29,465713.55,438108,414958.27,399149.2,385819.14,377466.37,370728.37,365429.73,361524.32,360938.53,361181.91,364350.54,367735.58,368603.83,359382.55,339410.52,316763.48,291315.81,267182.4,244590.94,223659.81,204641.72,186505.77,169579.36,154554.72,140711.92,136905.51,160142.9,149683.84,102675.92,78880.868,68748.776
518,345411.29,666465.04,755366.35,590895.31,651988.53,2093668.5,3463854.1,886255.54,765255.3,738668.77,680659.46,616382.51,545305.2,486319.81,442582.71,415992.16,394695.21,377668.95,366937.2,356527.58,349564.52,344707.25,342415.64,339635.43,340304.58,343444.01,347133.31,347871.19,339439.28,321054.17,299582.07,276390.18,254992.91,233193.89,214560.27,196888.18,179771.55,164599.43,150007.2,136978.89,125272.56,134214.49,154382.4,119972.77,83532.042,69571.282
522,361891.71,525895.75,828891.13,579780.46,605080.05,921053.09,3549492.8,1502288.2,725773.92,701376.58,645225.28,586427.43,520758.05,462070.51,421943.62,394606.86,374565.08,357248.48,346493.43,335627.67,329131.47,323939.27,320849.42,318628.61,320269.13,322918.13,325888.47,327370.61,319318.78,302459.44,282964.6,261896.51,241859.87,221638.77,204783.37,187595.08,172244.2,158024.47,144745.42,132139.72,119919.37,114892.97,136543.56,134230.7,94347.949,71220.359
526,295947.3,398953.74,836989.09,619330.52,558159.69,629375.92,2368412.4,2541029.9,702117.82,660206.93,609746.52,552712.77,491486.01,436913.37,398215.3,372344.16,352723.28,336889.63,325584.58,316100.1,309219.02,303996.51,300981.8,298839.06,300252.82,302326.79,305323.27,306530.56,299486.62,284155.13,266015.87,246655.27,227861.68,209928.95,194049.73,178988.07,164303.78,151234.33,139437.13,126599.01,115528.76,106044.83,110386.87,130764.79,108026.96,76285.505
530,305591.08,375794.95,695477.65,697525.63,526599.67,575190.62,1143709.4,3133435.3,964821.46,619314.52,575355.92,520644.61,462371.15,411410.92,375465.87,350601.82,331820.69,315504.4,305298.21,296172.3,288932.11,284340.74,280718.47,278854.46,279397.9,282120.94,285478.08,286582.48,279758.01,266040.26,249119.77,231111.4,214360,198234.43,182960.46,169202.59,155942.09,144088.85,132655.28,121188.68,110759.34,101242.44,94999.26,111533.22,116267.08,85821.742
534,265843.06,360238.87,536378.25,789885.13,517843.58,527516.4,609382.51,2525738.1,1731201.5,583301.86,539605.73,487365.76,434081.02,386069.93,350783.05,328696.34,311527.18,295653.21,283837.1,275959.06,269541.75,264997.85,261415.89,260458.36,259429.19,262171.06,264997.05,266292.77,260879.39,248147.49,231470.49,215961.52,200250.99,186738.81,171466.22,159164.89,147066.4,136751.86,125678.71,115065.23,105779.79,96639.049,88990.858,91459.586,110094.1,97035.818
538,267751.07,320140.82,411676.38,750877.6,560657.53,494684.88,532068.13,1409692.2,2557848.4,646110.39,497490.69,455143.24,403789,361049.95,327649.24,307117.71,289169.8,276062.85,266185.63,257372.41,250279.42,246117.99,242396.71,240661.73,240320.83,243175.99,244434.68,246018.41,241436.65,230213.36,215101.57,200536.03,186479.18,172999.6,160710.85,148784.38,137723.72,128051.12,118533.91,108925.87,99951.513,92097.034,84035.259,79508.265,91358.386,100927.31
542,254194.67,298194.84,373317.97,613781.46,645652.23,454157.71,490025.06,660266.34,2544832.9,1154283.7,466913.98,424602.11,377029.64,335065,305108.09,286514.79,268778.93,256379.44,245724.03,239465.6,231803.76,227361.13,224260.2,223011.12,221839.93,224543.25,226212.53,227810.15,222379.37,212113.06,199218.18,186212.9,173266.57,161031.69,149826.49,138587.22,128611.59,120149.07,110838.05,102299.25,94014.47,86762.347,80438.404,73880.768,74050.437,91027.479
546,236721.61,305114.59,326497.8,463501.02,705510.69,455253.6,451157.74,485205.43,1667537.3,1987062.9,455693.4,392297.89,350680.19,312533.36,284191.96,265315.11,249999.01,237399.8,228183.68,220097.81,214505.42,210047.14,207190.57,204956.22,204394.27,205780.52,208736.19,209520.11,205703.27,196153.03,183787.1,172163.09,160306.27,149062.87,139051.7,128885.04,120077.98,112053.17,104104.02,95919.744,88341.492,81583.578,74647.212,69594.778,65053.889,72427.86
550,250959.96,281278.44,309609.05,346838.68,669026.16,518937.12,414506.07,446443.49,782756.36,2449879.2,728490.86,363813.33,324711.95,288377,261412.98,244795.87,231313.27,220032.13,209943.28,203123.95,197602.97,194063.74,190282.09,187458.44,187976.86,189542.01,191911.48,192492.45,188995.68,180309.28,168752.28,157950.17,147723.38,137699.46,128816.11,119843.23,111400.93,104024.32,96874.629,89663.694,82881.283,76735.473,70645.743,65195.611,60503.782,59207.044
554,225495.13,253823.89,285166.08,306209.82,523470.06,606733.65,391171.42,405347.27,445554.45,1932597.1,1441832,345176.83,301108.87,267155.23,242258.63,226920.64,213139.71,203369.22,193682.54,188380.15,182027.8,178634.25,174878.75,172268.76,172249.32,173934.52,175032.29,176106.41,172967.91,165344.38,156098.16,145325.21,135814.44,126909.7,117990.8,110643.88,102620.55,96688.426,89635.385,82979.837,77211.194,71462.027,65792.411,60872.26,56646.879,52895.444
558,210160.82,233961.64,253587.48,275539.78,384290.41,655725.83,402280.54,376707.92,394645.96,1036637.7,2179966.9,480451.55,277475.43,245695.51,224848.87,209807.56,196911.91,187383.32,179104.9,172775.37,167764.52,163563.93,160463.45,158457.68,158332.98,159447.88,161232.72,161287.04,158936.48,151851.16,142493.16,133317.07,124944.93,116353.08,108914.17,101290.92,94494.453,88993.594,83010.751,77334.088,71617.252,66410.986,61354.987,56905.514,52810.629,49111.301
562,195485.97,217020.1,239197.71,250691.34,290734.8,605422.27,466793.14,347237.99,358989.45,462872.13,2187073.5,987915.67,256963.9,227038.62,206244.04,193489.97,181725.07,172936.67,165304.88,159202.11,153958.07,149822.03,147525.8,145451.82,145674.72,146023.86,148027.74,147466.44,145382.2,139081.21,130223.75,121948.95,114321.69,107097.41,100278.67,93756.803,87325.77,81884.986,77049.694,71733.764,66383.815,61853.464,57444.099,53247.886,49282.626,45928.609
566,195057.33,211176.36,213693.69,235274.06,249840.62,475791.22,565729.6,326468.96,333884.93,333466.25,1425999,1752067,288239.17,209804.53,190138.29,177149.18,166373.55,159341.21,151246.1,146051.54,141248.03,137126.07,134875.16,133244.32,133088.68,133085.59,134287.24,134964.82,132804.58,126598.09,119038.15,111588.6,104440.75,97571.872,92340.177,86243.403,80560.971,75489.57,70705.52,66128.989,61243.19,57233.53,53283.49,49367.886,45924.522,42808.105
570,187591.51,209873.14,193125.32,211587.28,227995.19,346345.07,612002.28,350883.72,306965.08,307388.67,634769.55,2137929.8,562011,193224.06,173893.95,163087.43,152641.37,145736,139311.01,133985.93,129749.37,125818.17,123628.42,122138.64,121098.02,121699.08,123402.76,123553.95,121166.94,115072.29,109051.17,101979.57,95577.159,89294.706,83961.515,78926.076,74179.813,69576.765,64693.001,60648.882,56490.123,52622.434,49437.389,45789.03,42579.412,39270.042
574,175615.11,196564.25,201589.66,194534.31,211921.68,252737.56,563195.29,419075.78,285223.6,284398.85,290942.81,1738017,1183250.2,188072.78,160577.17,149438.15,140058.55,133316.96,127741.74,123119.89,118619.58,115548.71,112874.06,111027.57,110452.16,110685.18,111906.24,112643.6,110322.64,105296.81,98488.779,93005.791,87320.641,81742.233,77118.544,71933.311,68145.044,63451.102,59482.832,55716.759,52004.816,48402.014,45005.354,42389.516,39397.387,36631.68
578,177330.89,179093.77,190923.62,179440.75,193067.54,211221.7,436608.13,518246.34,274351.47,262913.82,248857.64,934440.73,1826569.5,289526.24,146604.61,136381.28,128654.57,121988.96,115678.53,112317.63,108225.61,105497.4,102582.15,101074.93,100899.47,100438.81,102185.37,102392.98,100188.32,95737.771,90412.267,84537.298,79523.606,74524.811,69939.749,65530.266,62026.831,57966.856,54293.711,50999.744,47740.373,44678.645,41732.949,38788.391,36279.043,33856.608
582,166567.52,165808.25,169619.52,166157.12,177574.69,195992.39,299945.65,566770.98,296617.14,244006.32,229702.28,371518.96,1882816.2,712753.56,136113.64,125440.98,117594.05,110989.9,106422.89,102152.43,98871.228,95429.527,93610.264,91774.952,91552.007,91391.538,92346.121,92619.612,90750.465,86693.528,81443.056,76685.744,72120.539,67715.39,63089.133,59814.469,56381.87,52927.507,49959.743,46502.95,43573.922,40822.618,38189.834,35709.563,33308.209,31188.324
586,172807.9,165774.81,163666.51,153386.48,164395.64,181596.91,218487.18,518088.17,369622.53,230369.46,214589.15,208868.75,1259867.7,1374218,137004.4,114943.89,106682.92,101321.74,96576.683,92692.099,90035.722,86641.53,84868.529,83495.759,83047.297,83242.696,83592.498,83863.616,82454.531,78610.561,73992.378,69524.013,65475.203,61623.298,57497.717,54320.486,51218.553,47975.91,45262.184,42311.098,39799.684,37187.353,34778.82,32642.552,30438.466,28616.47
590,173598.39,158905.32,139671.5,143929.25,151997.41,163912.5,183179.08,393806.29,465732.48,223001.51,199877.01,180333.56,545410.25,1776160.2,348955.76,104853.35,97035.214,92537.031,88351.697,84002.025,81424.773,78952.203,77484.517,75336.774,75205.402,75658.007,75783.825,75865.735,74681.426,71331.139,67145.332,62721.718,59127.73,55737.387,52147.504,49318.336,46241.031,43566.52,41052.801,38662.692,36095.509,33914.462,31827.377,29891.804,27783.326,26291.381
594,172374.38,157745.24,143452.21,133256.64,136779.31,151013.28,165300.75,265446.52,511243.46,250754.31,185421.62,165815.99,198673.53,1450414.7,960786.19,99201.557,88620.909,83920.277,79442.215,76599.886,73434.237,71598.186,69437.607,68210.197,67937.032,68209.079,68164.328,68534.791,67164.68,64058.164,60879.017,56653.244,53535.031,50366.026,46981.268,44366.729,41895.574,39492.913,37366.599,35057.726,32658.52,30802.004,28749.826,27223.242,25493.078,24076.22
598,166727.74,150879.9,130511.38,121057.27,126179.06,137509.02,153171.62,188716.58,460355.35,323334.22,174445.32,154149.33,136159.07,728403.36,1596330.3,205643.1,81037.074,75795.117,71827.415,69445.408,66674.346,64773.817,62955.654,62051.608,61429.199,61438.029,61768.267,61460.392,60171.036,57972.291,54009.236,51032.713,48244.211,45529.077,42720.842,39961.411,37773.397,35820.573,33495.59,31737.954,29697.219,27807.073,26280.983,24664.177,23137.214,21720.563
602,160958.43,141007.99,120970.16,115548.56,118626.69,125304.22,140448.66,161723.25,342389.66,405154.08,171803.04,143053.06,122693.59,228938.11,1552817.4,633959.08,74852.816,68615.357,65825.669,62337.649,60361.346,58738.788,56866.71,55811.368,55179.914,54981.698,55654.378,55437.086,54297.093,52308.273,49043.095,45733.404,42936.35,40862.451,38351.163,35944.757,34098.809,32343.465,30378.299,28625.081,26942.926,25191.3,23797.459,22158.616,20852.909,19646.019
606,186710.6,143992.05,118104.1,104803.86,107601.84,118170.6,128685.92,143016.47,229153.02,445529.38,198636.75,132341.89,112265.67,103193.29,901697.32,1209226.6,109530.16,62215.26,58802.674,56465.557,54434.869,52543.78,51564.072,50286.601,49579.169,49337.669,50007.779,49579.596,48909.629,46966.443,44003.425,41476.673,38508.854,36659.426,34766.852,32339.189,30758.107,29153.705,27702.284,25782.898,24379.175,22755.901,21441.842,20200.51,18937.243,17727.54
610,169716.38,142538.73,119444.11,95354.59,100014.06,108045.73,121339.7,133543.21,164996.31,395528.65,261894.88,124539.11,104486.44,90441.712,302405.17,1432682.9,330327.18,56603.986,53313.863,50652.32,49102.303,47683.32,46497.039,45125.05,44795.673,44706.039,44989.928,44842.239,43799.148,42340.201,39843.266,37315.533,34883.961,32885.733,31323.897,29340.93,27667.486,26426.823,24677.712,23312.035,21926.751,20489.1,19564.176,18368.588,17137.88,16188.517
614,175189.83,141668.04,107457.25,92486.719,90750.32,99458.906,111441.93,123609.98,140774.5,295327.68,331468.11,126529.5,96662.933,81750.859,90418.242,1082253.4,773681.44,60070.42,47863.537,46028.959,44050.89,42583.203,41795.004,40595.92,40109.954,40154.281,40389.208,40508.429,39226.105,37707.441,35614.929,33607.347,31488.358,29531.279,28113.638,26618.763,25033.337,23507.901,22183.006,20782.866,19740.671,18497.931,17294.707,16284.673,15489.957,14723.621
618,177541.87,148493.03,106796.12,82976.531,81285.715,93094.519,100137.82,112946.85,125199.48,197652.72,361075.22,150495.68,89235.569,74569.809,68531.107,515873.83,1164214.8,140616.25,43441.293,41111.758,39376.963,38331.504,37083.14,36644.939,35791.591,35809.257,36160.54,36163.119,35177.473,33731.391,31600.394,30169.206,28258.613,26693.309,25624.536,24073.796,22573.73,21068.602,19771.518,18898.178,17631.739,16638.286,15795.254,14786.562,13882.319,13266.076
622,183230.52,132815.3,106859.41,75006.926,79553.871,88404.902,92979.463,105808.96,116114.06,140125.87,324289.93,199339.29,83877.079,68890.981,61122.595,159838.18,1140522.3,432967.31,39450.672,37274.551,35338.362,34361.415,32972.477,32893.717,31965.497,32382.408,32189.466,32364.121,31398.708,30269.037,28634.149,27109.144,25390.243,24069.271,22878.366,21712.913,20383.964,19137.193,17957.917,16822.097,15646.878,14953.601,13973.734,13253.454,12456.713,11974.504
626,191893.75,134476.01,91219.25,68306.012,71491.023,77035.496,86716.754,94492.305,106004.93,115007.38,244935.01,254773.33,84842.821,64305.499,55141.437,62010.709,721172.24,847551.09,46269.565,33482.531,31826.368,30739.232,29722.808,29437.278,28769.192,28946.827,28663.462,28741.86,28132.342,26803.811,25448.639,23965.81,22743.575,21483.277,20927.541,19491.321,18316.814,17116.124,16262.058,15180.783,13875.485,13329.104,12454.954,11845.644,11182.359,10732.162
630,152867.41,117968.08,86544.801,63558.531,67051.742,74370.547,81316.432,89288.051,96613.738,103648.71,162340.36,279619.25,102025.92,58451.923,51176.76,47921.683,283704.99,1050725,188946.6,29890.233,28313.288,27171.224,26144.685,26118.206,26065.466,25523.399,25636.433,25641.913,25105.197,23928.047,22500.713,21451.563,20341.079,19245.597,18323.674,17562.988,16434.793,15476.311,14466.801,13548.03,12488.381,11944.878,11081.119,10487.761,10019.495,9441.0888
634,152430.65,115294.44,84389.195,60400.473,60124.742,67618.73,74645.928,81474.56,89935.869,94501.525,108540.08,252832.2,140113.86,55387.314,46837.536,42701.967,76298.328,817864.36,549481.11,28898.847,25302.725,24000.395,23370.487,23196.817,23073.682,22972.553,22393.87,22572.643,22206.49,21216.195,20181.2,19062.363,18053.936,17115.679,16421.906,15619.915,14684.363,13917.028,12791.082,12065.071,11264.664,10751.425,9987.1702,9295.027,8949.6548,8465.7017
638,129067.69,109230.98,76867.73,58234.855,57247.726,62922.773,68467.558,76585.508,84143.834,86835.889,89049.002,189473.57,184452.9,56978.994,43383.117,39045.53,37925.725,390376.26,875293.2,80605.136,22957.213,21719.685,20720.562,20725.557,20230.034,20383.005,20061.46,20061.904,19704.478,18640.068,18122.045,16940.414,15919.456,15296.273,14598.226,13965.106,13144.468,12447.077,11541.818,10797.101,9996.7411,9535.1951,8756.2822,8252.8723,7958.1886,7520.1114
642,151383.49,114774.45,73636.996,53783.461,51794.562,58275.348,64048.933,71971.908,76705.691,80667.877,80521.355,126293.53,209282.02,70873.592,41042.953,36716.118,32670.123,104902.8,841178.36,297584,21007.391,19225.253,18299.831,18064.494,17955.862,17988.965,17800.226,17828.776,17441.295,16546.112,15809.899,15181.552,14202.622,13525.306,12981.78,12520.826,11917.068,11168.009,10576.017,9679.0992,8984.0973,8378.5813,7769.8168,7301.5869,7080.9584,6588.2867
646,138284.72,101276.97,72704.187,51865.84,51268.644,53754.914,60289.642,65907.971,72508.238,75098.787,75014.937,86071.305,193825.34,100313.12,38374.56,34021.168,29816.279,31900.854,472244.83,600620.43,38425.115,17172.847,16185.32,15854.78,15818.166,15722.32,15695.621,15641.285,15417.883,14622.058,13868.34,13349.194,12703.024,12080.78,11797.606,11181.702,10799.381,10108.954,9329.7847,8717.6727,8049.5238,7459.0148,6988.8677,6492.5599,6222.9455,5821.4224
650,144026.33,106198.11,68485.758,49323.008,47481.543,51649.902,55851.937,61994.283,67941.82,71315.029,69506.6,67577.098,147074.6,136265.59,40776.051,31660.938,28124.268,26467.007,138925.27,721625,154815.3,15547.189,14425.846,13975.222,14048.096,13925.948,14063.907,13885.064,13524.119,13025.336,12463.326,11711.819,11382.9,10850.805,10447.269,10039.915,9806.937,9221.3268,8576.8839,7946.5342,7179.6169,6671.1881,6081.0458,5819.0404,5521.1861,5191.6566
654,142471.02,101928.37,64557.855,44791.109,43843.367,49518.375,53448.908,56590.863,64722.252,66036.019,66012.068,61642.326,98167.308,157851.94,51642.889,30624.026,26878.112,23707.934,28964.002,528536.52,390833.93,18972.644,13306.533,12762.01,12442.536,12684.829,12663.459,12523.135,12120.373,11717.985,11199.819,10627.573,10282.923,9907.6201,9532.0098,9219.5044,8911.2942,8550.0243,7981.5627,7189.6046,6524.6579,6032.4784,5530.336,5198.2284,4939.6368,4611.5538
658,133936.73,105468.96,66446.777,45677.191,40903.758,47001.906,49020.846,54525.463,61159.717,63311.723,62812.172,58341.25,66522.859,148388.82,75150.985,30078.48,25631.459,22326.658,21584.967,235044.11,579090.92,64368.704,12348.55,11425.523,11069.727,11203.081,11391.504,11188.982,10989.751,10672.835,10112.017,9591.1267,9345.8403,8974.667,8664.8364,8437.2549,8171.6682,7824.8708,7201.072,6545.2439,5996.0255,5454.2344,4876.3491,4771.3256,4415.8692,4267.1457
662,148721,102035.19,63770.617,42653.676,40656.461,43329.691,47082.48,51470.588,57852.769,59795.592,58308.641,55421.842,52763.17,114024.26,105182.28,32071.846,24408.155,21374.494,19211.973,63537.681,536382.85,217797.3,11528.504,10331.048,10103.657,10218.933,10068.757,10324.235,9924.0005,9423.2651,8875.396,8683.4148,8365.4619,8039.2427,7876.4348,7573.582,7391.5283,6980.9685,6427.2997,5939.9061,5450.3071,5017.297,4616.6738,4217.2042,3971.4861,3770.4926
666,130512.43,95799.152,65487.258,42206.234,39676.851,41610.098,45413.238,49794.412,53918.238,57935.586,57038.111,52429.76,47722.981,77300.329,122726.73,40206.164,23557.099,20699.909,18097.859,21500.288,313507.93,414393.83,16941.366,9439.2212,9147.8545,9213.6367,9109.0254,9319.8437,9093.812,8501.2134,8166.416,7806.8269,7493.9744,7238.0669,6973.2861,6748.625,6550.1394,6262.3824,5831.1782,5242.2613,4923.973,4501.4048,4037.3591,3901.3342,3603.9684,3362.3779
670,124593.47,91639.295,68170.09,40898.707,36523.543,40485.332,43419.371,47101.084,51963.777,54660.42,54039.916,49877.625,45891.624,52710.92,116356.07,58044.522,23197.957,20135.639,17368.981,16595.033,111748.14,491894.72,91451.82,8812.0146,8286.5415,8277.3574,8181.0503,8164.3901,8259.3203,7824.3711,7402.9221,7071.4421,6807.4651,6553.2385,6462.3808,6137.4729,5938.6619,5620.7363,5270.5271,4844.9648,4376.6465,4076.2478,3703.9946,3547.3682,3261.2358,3093.4032
674,119946.89,84318.426,65305.437,39409.496,37903.691,38406.676,40890.033,45845.127,48746.471,51186.908,51133.488,48616.672,44144.428,41239.512,90414.315,79311.836,24779.169,19182.683,17198.776,14984.669,27383.278,361786.44,260636.95,9300.0142,7566.8862,7413.9292,7487.2617,7533.06,7583.9321,7220.7095,6573.6328,6381.9812,6271.8088,5989.938,5927.0889,5692.7048,5594.7698,5243.2021,4960.5965,4479.4734,4064.6435,3697.5514,3402.0367,3107.8784,2959.8526,2786.9362
678,129501.67,90708.574,56016.023,40399.949,37455.707,36999.117,37559.873,42225.308,45704.592,48634.902,48933.836,46884.168,41887.724,37179.315,62930.644,92331.574,30803.755,18960.455,16479.584,14307.887,14079.347,163788.33,398895.76,37401.092,7041.6035,6730.1543,6814.5957,6902.8667,6968.7974,6833.6372,6422.7226,6107.0037,6065.3464,5847.6821,5710.6138,5525.5786,5516.6558,5257.9869,4808.6634,4391.7543,3962.0941,3383.2213,3088.5441,2865.0713,2674.7227,2479.1247
682,119554.76,84005.84,54631.062,37724.406,35636.035,35584.055,38056.998,41280.615,43159.062,46052.953,47629.619,44774.07,40510.195,35336.084,42433.838,90532.485,42800.703,19048.483,16312.56,14197.558,12784.202,42031.948,370045.1,138769.82,6893.6304,6535.9761,6437.1426,6574.0268,6564.4995,6579.7275,6270.9778,6092.0752,6097.6516,5891.946,5827.5195,5807.4285,5790.2893,5552.7237,5149.6326,4478.7602,3820.4861,3210.7001,2756.4549,2530.4551,2359.105,2237.5059
686,109337.11,89770.068,58217,39364.207,33294.781,33535.723,35329.932,38702.982,42882.553,43576.6,44678.301,42502.205,39175.694,34342.851,32577.014,74104.41,58277.137,20244.207,16055.511,14079.42,12131.593,12737.077,199801.42,269549.15,14646.987,6427.333,6413.79,6452.3701,6486.4629,6520.5185,6410.9885,6288.7256,6301.0073,6237.3257,6392.0923,6480.1035,6489.0788,6321.6144,5694.7357,4853.5574,3858.5163,3165.8108,2740.1078,2338.9363,2163.1125,2019.8912
690,110413.71,85399.449,56027.773,37686.504,31712.176,32205.238,35385.937,37798.648,39399.799,41532.541,41972.92,40678.281,37403.764,33086.207,29952.204,51966.169,69630.871,24633.403,16441.346,14185.777,11923.554,11069.813,59036.75,311364.95,60759.869,6264.4849,6229.1977,6500.3769,6438.7222,6360.4277,6608.6973,6400.0085,6539.291,6536.6716,6784.1848,6924.991,7145.4321,6992.8227,6296.0795,5294.3473,4041.4653,3201.8317,2494.982,2121.734,1979.2202,1819.9786
694,127184.55,85884.166,58365.293,33532.004,31352.629,31828.836,32302.432,34787.955,36974.211,38435.693,38571.348,37967.933,35737.56,31490.905,28067.924,35899.289,69192.754,33147.019,16063.077,14025.267,11968.627,10491.421,12906.064,218620.94,152872.89,7544.833,6004.3618,6238.644,6240.9482,6228.8652,6290.2671,6242.916,6543.8723,6529.1418,6842.2742,6894.4018,7248.1204,7091.0522,6569.5721,5274.9711,4010.4264,3041.9474,2345.2132,2021.4009,1742.4975,1597.8054
698,127682.94,103337.1,53734.422,32496.715,32108.457,30687.926,29824.494,32808.135,34255.445,35411.748,36391.973,35022.785,33472.67,29585.2,26514.808,27598.896,56735.554,43842.105,16382.587,13479.782,11770.233,10061.848,9461.873,93958.122,226746.4,23644.2,5720.3247,5833.5122,5713.7056,5838.1494,5806.064,5880.0188,6028.7024,5997.1853,6186.9167,6342.5083,6604.9243,6498.2112,6013.5444,4972.6427,3803.3528,2832.707,2143.1813,1806.2598,1556.1309,1406.6478
702,146533.56,116902.76,57057.922,35450.613,29890.195,28145.93,28456.004,30103.5,33203.305,33890.943,33180.127,33021.125,32273.022,28383.225,24822.723,23961.33,40618.309,50815.795,18949.182,13367.089,11613.532,9796.8823,8404.1953,24976.38,207770.69,60453.785,5300.314,5276.5024,5366.4809,5487.27,5080.8269,5134.5454,5231.6077,5417.4958,5411.7964,5409.3857,6083.7341,5813.128,5253.339,4408.1728,3394.5161,2534.3563,1880.9844,1578.6149,1472.8382,1362.5308
